{
  "project_info": {
    "project_number": "55824034297",
    "project_id": "signin-58908",
    "storage_bucket": "signin-58908.appspot.com"
  },
  "client": [
    {
      "client_info": {
        "mobilesdk_app_id": "1:55824034297:android:99817557829039ae8a3528",
        "android_client_info": {
          "package_name": "com.example.signin"
        }
      },
      "oauth_client": [
        {
          "client_id": "55824034297-nojuhbq6amtpo0j8jqt7senjamr94soo.apps.googleusercontent.com",
          "client_type": 1,
          "android_info": {
            "package_name": "com.example.signin",
            "certificate_hash": "7e0a6aec58f67a668b0a62c58b3b4ef73ef2fc93"
          }
        },
        {
          "client_id": "55824034297-pvmjd9gmgut72o331lamrftc8c9h0lio.apps.googleusercontent.com",
          "client_type": 3
        }
      ],
      "api_key": [
        {
          "current_key": "AIzaSyBgkZYBVvGy-r6THlgl_UBYUyR58Z5RCh4"
        }
      ],
      "services": {
        "appinvite_service": {
          "other_platform_oauth_client": [
            {
              "client_id": "55824034297-pvmjd9gmgut72o331lamrftc8c9h0lio.apps.googleusercontent.com",
              "client_type": 3
            }
          ]
        }
      }
    }
  ],
  "configuration_version": "1"
}